{"intents":[{"name":"Ending","samples":["Help me create an ending","another ending","Create an ending"],"slots":[]},{"name":"Character","samples":["Help me create with a character","another character","Create a character"],"slots":[]},{"name":"Sidekick","samples":["Help me create a sidekick","another sidekick","create a sidekick"],"slots":[]},{"name":"Prompt","samples":["Help me create a prompt","another prompt","create a prompt"],"slots":[]},{"name":"Setting","samples":["Help me create a setting","another setting","create a setting"],"slots":[]}],"types":[],"prompts":[],"dialog":{"version":"1.0","intents":[{"name":"Ending","confirmationRequired":false,"prompts":{},"slots":[]},{"name":"Character","confirmationRequired":false,"prompts":{},"slots":[]},{"name":"Sidekick","confirmationRequired":false,"prompts":{},"slots":[]},{"name":"Prompt","confirmationRequired":false,"prompts":{},"slots":[]},{"name":"Setting","confirmationRequired":false,"prompts":{},"slots":[]}]}}